DATE,TMAX,PRCP,TMIN
2025-02-19,10.36,0,0.4
2025-02-18,7.0,    0,0.2
2025-02-17,10.6,    0,-0.5166666666666666
2025-02-16,12.7,   30,-0.8770833333333333
2025-02-15,14.1,    0,0.3
2025-02-14,8.587272727272728,0,-1.059375
2025-02-12,8.334405594405593,0,-0.7
2025-02-11,7.4,    0,-1.059375
2025-02-10,8.8,    0,-1.8
2025-02-09,7.1,    0,-1.5
2025-02-08,4.0,   41,-3.4
2025-02-07,6.2,   20,-0.22897727272727264
2025-02-06,6.2,    0,-2.7
2025-02-05,5.3,    0,-0.09894111570247927
2025-02-04,7.1,    0,-0.04429939894815927
2025-02-03,11.5,    0,0.20231518438517404
2025-02-02,11.0,   30,4.9
2025-02-01,9.7,   20,3.0
2025-01-31,8.8,    0,1.5
2025-01-30,7.0,    0,0.9
2025-01-29,9.3,    0,1.8780976972485943
2025-01-28,9.7,    0,2.0578284984259643
2025-01-27,9.7,    0,1.9
2025-01-26,10.5,    0,2.3941751086976875
2025-01-25,10.3,    0,2.166372845852022
2025-01-24,14.6,    0,3.7
2025-01-23,10.850000000000003,0,2.7
2025-01-22,12.6,    0,2.0
2025-01-21,12.9,    0,2.0418376452975675
2025-01-20,13.5,   20,2.0402385599847275
2025-01-19,14.7,    0,1.8
2025-01-18,10.8,    0,1.9148449051134318
2025-01-17,8.0,    0,1.5451746463996117
2025-01-16,8.3,    0,1.5
2025-01-15,9.4,    0,1.1310996142541216
2025-01-14,10.5,    0,0.2
2025-01-13,9.8,    0,1.184668884159263
2025-01-12,9.2,    0,1.022982337493869
2025-01-11,7.2,    0,1.0
2025-01-10,4.7,    0,-1.9
2025-01-09,8.0,    0,0.8307955305370232
2025-01-08,8.0,    0,0.3
2025-01-07,9.3,    0,0.7338446752190155
2025-01-06,8.0,  130,3.5
2025-01-05,10.0,    0,0.1
2025-01-04,9.1,    0,0.6764640205756038
2025-01-03,11.0,    0,0.6441104226331642
2025-01-02,12.3,    0,1.1
2025-01-01,12.1,    0,1.1154419118427783
2024-12-31,14.0,    5,1.1969861030270563
2024-12-30,11.4,    0,0.8
2024-12-29,9.1,    0,0.3
2024-12-28,9.3,    0,1.2933002458078602
2024-12-27,11.3,    0,1.3408944257555324
2024-12-26,13.9,    0,1.4042384260393843
2024-12-25,10.8,    0,3.0
2024-12-24,9.3,    0,1.652951600052486
2024-12-23,9.2,    0,2.5
2024-12-22,8.3,    0,1.7576153914712718
2024-12-21,11.3,    5,1.6
2024-12-20,8.3,    0,1.2
2024-12-19,7.4,   25,2.0649823106875584
2024-12-18,10.214285714285714,0,2.5
2024-12-17,12.3,    0,2.7
2024-12-16,12.3,    0,2.3838725183780753
2024-12-15,9.9,    0,1.6
2024-12-14,7.4,   25,2.5589868026423304
2024-12-13,12.0,    0,2.8
2024-12-12,10.3,    0,3.017320135975664
2024-12-11,14.2,    0,3.096681621416339
2024-12-10,12.4,    0,4.0
2024-12-09,11.4,   10,3.5
2024-12-08,11.0,   20,3.781082380002861
2024-12-07,13.3,    0,3.8
2024-12-06,14.2,    0,3.9
2024-12-05,13.6,    0,4.4
2024-12-04,14.1,    0,5.34777640014192
2024-12-03,18.7,    0,7.2
2024-12-02,17.1,    0,5.5
2024-11-30,14.2,    0,6.503206531127199
2024-11-29,14.5,    0,7.285098293126912
2024-11-28,14.4,0,7.633608122439602
2024-11-17,23.1,    0,8.16088084971233
2024-11-16,19.6,    0,14.3
2024-11-15,20.1,    0,8.67116307240055
2024-11-14,20.1,    0,10.3
2024-11-13,20.9,    0,9.13539568688066
2024-11-12,23.7,    0,11.6
2024-11-11,22.8,    0,9.790104773143316
2024-11-10,22.3,    0,9.7
2024-11-09,20.9,    0,7.2
2024-11-08,18.1,    0,10.455184836936057
2024-11-07,14.8,    0,10.818068529696003
2024-11-06,20.0,    0,10.869875382665603
2024-11-05,22.2,    0,11.043323352244098
2024-11-04,25.0,    0,11.2
2024-11-03,22.7,    0,11.718645210154175
2024-11-02,20.6,  831,12.445917937426902
2024-11-01,23.1,  140,16.5
2024-10-31,21.1,    0,12.3
2024-10-30,22.3,  119,13.85777618824908
2024-10-29,19.2,   30,14.533242062552207
2024-10-28,21.5,  340,17.1
2024-10-27,26.3,    0,15.15959830894385
2024-10-26,24.3,    0,17.7
2024-10-25,25.6,    0,17.7
2024-10-24,24.3,    0,16.540965141795013
2024-10-23,28.9,   30,17.724298475128347
2024-10-22,26.414285714285715,    0,18.3
2024-10-21,24.6,    0,14.6
2024-10-20,21.1,    0,19.935405160488937
2024-10-19,26.5,  109,20.84620529057018
2024-10-18,27.1,    0,21.8
2024-10-17,29.5,    0,18.9
2024-09-17,36.4,    0,26.5
2024-09-16,34.5,    0,22.781800870921597
2024-09-15,35.6,    0,27.5
2024-09-14,35.2,    0,26.8
2024-09-13,33.85000000000001,0,27.0
2024-09-12,35.7,   51,24.623483405910136
2024-09-11,36.6,    0,25.8
2024-09-10,33.8,  180,25.19210702306931
2024-09-09,36.0,    0,25.4
2024-09-08,35.3,    0,25.25963253574828
2024-09-07,35.6,    0,24.8
2024-09-06,36.1,    0,24.2
2024-09-05,34.8,    0,24.0
2024-09-04,33.6,    0,22.9
2024-09-03,31.6,    0,24.639082173201952
2024-09-02,35.1,   89,24.9
2024-08-31,34.4,0,24.766523856550023
2024-08-30,34.58571428571428,0,24.910560602975195
2024-08-20,32.7,0,25.028742421157016
2024-08-19,32.2,    5,25.137075754490343
2024-08-18,37.1,    0,25.1
2024-08-17,33.4,    0,25.440165400697875
2024-08-16,32.9,    0,25.406389848913104
2024-08-15,36.8,   20,27.1
2024-08-14,37.9,    0,26.7
2024-08-13,37.6,    0,26.1
2024-08-11,36.0,    0,25.5
2024-08-10,34.9,    0,25.904655524961093
2024-08-09,37.5,    0,25.4
2024-08-08,36.6,    0,24.2
2024-08-07,36.7,    0,26.170465552496108
2024-08-06,36.4,    0,26.07751210774572
2024-08-05,35.5,    0,26.041148471382087
2024-08-04,35.8,  551,26.03579833241682
2024-08-03,38.7,    0,28.1
2024-08-02,38.7,    0,27.0
2024-08-01,38.3,    0,25.7
2024-07-31,36.8,    0,26.54772040582188
2024-07-30,36.7,0,26.550181609780537
2024-07-29,39.4,    0,26.3
2024-07-28,38.3,    0,26.669475029001603
2024-07-27,37.2,    0,28.2
2024-07-26,37.5,    0,27.2
2024-07-25,36.2,    0,25.2
2024-07-24,33.2,   41,26.515216094964
2024-07-23,37.2,    0,26.2
2024-07-22,38.0,    0,26.234971920360508
2024-07-21,37.9,    0,27.0
2024-07-20,35.9,    0,26.185018801532454
2024-07-19,36.6,    0,27.4
2024-07-18,36.0,    0,24.4
2024-07-17,35.0,    0,25.92940085210712
2024-07-16,32.3,   51,23.5
2024-07-15,30.8,0,25.807055939142867
2024-07-14,33.57857142857143,0,25.752684449097806
2024-07-13,31.0,0,25.59677000523503
2024-07-12,27.3,  180,25.60954569395365
2024-07-11,27.4,   99,25.410606326615166
2024-07-10,33.0,   10,25.380606326615165
2024-07-09,33.2,   51,25.141569885514517
2024-07-08,36.7,    0,25.290803511470383
2024-07-07,37.0,    0,25.8
2024-07-06,37.2,   10,24.927491812450327
2024-07-05,36.5,    0,26.3
2024-07-04,34.1,    0,24.234698297128126
2024-07-03,34.4,    0,24.1
2024-07-02,27.2,  320,23.3
2024-07-01,27.2,   61,23.987749468420734
2024-06-30,30.3,   79,24.1
2024-06-29,32.0,   10,23.1
2024-06-28,25.0,  831,21.1
2024-06-27,28.3,    0,21.1
2024-06-26,31.2,    5,22.032312455701728
2024-06-25,30.0,    0,21.860005160343537
2024-06-24,30.5,    5,24.5
2024-06-23,28.1,  361,22.2
2024-06-22,31.8,  150,20.1
2024-06-21,30.0,  231,19.2
2024-06-20,29.0,    0,21.04359084622725
2024-06-19,33.7,    0,17.6
2024-06-18,26.6,  559,20.69035960065708
2024-06-17,27.2,   51,20.375813676989484
2024-06-16,32.4,  191,20.000887647624893
2024-06-15,31.9,   71,19.74255431429156
2024-06-14,35.9,    0,20.8
2024-06-13,32.8,    0,19.411785083522325
2024-06-12,32.5,    0,20.5
2024-06-11,32.4,    0,19.1
2024-06-10,30.2,   79,18.4
2024-06-09,23.6,   61,18.227325157341447
2024-06-08,30.0,    0,19.1
2024-06-07,29.7,    0,18.7
2024-06-06,27.3,    0,16.3
2024-06-05,28.0,    0,15.3
2024-06-04,24.7,    0,15.4
2024-06-03,23.9,    0,14.2
2024-06-02,25.7,  170,15.782732515734148
2024-06-01,28.0,    0,14.3
2024-05-31,22.5,   46,15.142525835081573
2024-05-30,27.5,    0,12.8
2024-05-29,24.8,    0,14.369473150090638
2024-05-28,20.2, 1560,14.266081277878486
2024-05-27,25.2,   51,14.206081277878486
2024-05-26,29.4,    0,13.5
2024-05-25,25.6,    0,14.04841615409292
2024-05-24,30.3,    0,13.93932524500201
2024-05-23,27.1,    0,13.829943373176594
2024-05-22,26.4,    0,12.9
2024-05-21,23.3,    0,13.615820610669045
2024-05-20,27.0,   99,14.8
2024-05-19,20.9,   41,13.503045943903688
2024-05-18,30.3,    0,14.2
2024-05-17,26.1,    0,13.1
2024-05-16,22.1,    0,12.813528175249939
2024-05-15,24.6,    0,15.3
2024-05-14,27.1,    0,9.3
2024-05-13,16.8,  361,12.601841568794848
2024-05-12,24.9,    5,12.621841568794848
2024-05-11,28.4,    0,12.4
2024-05-10,26.2,    0,8.0
2024-05-09,19.0,    0,12.243721131283964
2024-05-08,20.1,    0,12.186740426887365
2024-05-07,24.4,  264,12.350376790523729
2024-05-06,24.2,   10,12.783710123857063
2024-05-05,29.0,    0,15.0
2024-05-04,30.4,    0,13.3
2024-05-03,26.1,    0,11.1
2024-05-02,23.0,    0,13.29645484725521
2024-04-30,23.4,  249,13.619752926229399
2024-04-29,25.1,    0,17.1
2024-04-28,30.6,    0,14.5
2024-04-27,22.5,    0,13.831620777348459
2024-04-26,24.7,    0,12.4
2024-04-25,24.8,   41,13.760869838981455
2024-04-24,20.1,  119,14.056522043312725
2024-04-23,19.5,   89,15.8
2024-04-22,24.3,   10,14.172112517738071
2024-04-21,24.4,  155,13.642112517738074
2024-04-20,26.3,    0,12.2
2024-04-19,25.0,    0,13.130146992524574
2024-04-18,21.1,    0,12.930146992524575
2024-04-17,25.8,   30,12.29469546644908
2024-04-16,23.9,    0,12.159170345151875
2024-04-15,25.6,    0,13.9
2024-04-14,27.4,    0,11.8
2024-04-13,26.4,    0,11.5
2024-04-12,24.1,    0,11.2
2024-04-11,20.3,    0,10.0
2024-04-10,19.7,    0,5.5
2024-04-09,14.0,  610,10.787197304104716
2024-04-08,20.0,   61,10.662472482191339
2024-04-07,25.7,    0,12.5
2024-04-06,22.4,    0,9.6
2024-04-05,19.8,    0,10.074966978629606
2024-04-04,18.1,  109,9.73860334226597
2024-04-03,18.26,  160,13.1
2024-04-02,17.596363636363638,0,7.4
2024-04-01,17.113030303030303,0,8.006336900257244
2024-03-27,15.8,0,7.784992268429401
2024-03-26,15.282261072261074,0,6.961915345352479
2024-03-25,14.3,  119,10.0
2024-03-24,12.8,   10,7.5
2024-03-23,14.353689643689647,   99,4.7
2024-03-22,12.4,    0,0.3
2024-03-21,8.2,    0,0.5
2024-03-20,9.5,   71,4.54971887398017
2024-03-19,12.4,    0,1.8
2024-03-18,11.3,    0,3.6499744430891066
2024-03-17,14.5,   41,3.0726993924608434
2024-03-16,21.5,    0,5.4
2024-03-15,18.0,    0,3.9
2024-03-14,15.4,    0,1.2
2024-03-13,12.0,   10,2.984049088691265
2024-03-12,11.8,  300,2.7883403655301517
2024-03-11,15.1,    0,0.3
2024-03-10,10.3,    0,2.3938987607424727
2024-03-09,6.9,    5,2.3184764683293206
2024-03-08,12.9,    0,1.9760849648103564
2024-03-07,11.7,    0,1.856084964810357
2024-03-06,9.3,   51,1.921693461291392
2024-03-05,11.128571428571428,  221,1.9049617259558227
2024-03-04,14.0,    0,3.0
2024-03-03,12.1,    0,-1.1
2024-03-02,7.4,    0,2.297936507745204
2024-03-01,14.0,  180,2.2960692386011936
2024-02-29,11.0,   99,2.7
2024-02-28,12.1,    0,2.372066093359361
2024-02-27,7.2,   51,2.8
2024-02-26,10.0,   10,3.3266071839705758
2024-02-25,8.5,  150,4.0
2024-02-24,10.9,    0,3.9
2024-02-23,8.3,   30,4.01052694621457
2024-02-22,10.2,   51,4.201022247060501
2024-02-21,10.8,  135,4.411022247060501
2024-02-20,17.4,   10,4.2953798749369225
2024-02-19,15.5,   71,11.0
2024-02-18,17.8,    0,4.310722846842954
2024-02-17,16.3,    0,3.7
2024-02-16,9.9,    5,4.075334014737769
2024-02-15,16.9,   99,3.8077901025532204
2024-02-14,19.8,    0,4.8
2024-02-13,16.4,    0,1.1
2024-02-12,11.7,    0,3.399440633103085
2024-02-11,9.7,    0,2.0
2024-02-10,12.4,    5,1.0
2024-02-09,12.1,    0,2.6256877045812796
2024-02-08,9.0,    0,0.8
2024-02-07,10.0,    0,0.8
2024-02-06,9.2,    5,2.1568298488803963
2024-02-05,6.4,  239,2.252905289687705
2024-02-04,11.1,    5,4.2
2024-02-03,10.9,    0,2.075947531195398
2024-02-02,7.7,    0,2.9
2024-02-01,11.8,   51,1.8571402224802915
2024-01-31,10.8,   20,4.0
2024-01-30,13.2,    0,0.9
2024-01-29,10.5,    0,1.7350902766693996
2024-01-28,9.9,    0,1.2
2024-01-27,9.5,    0,1.778925275485917
2024-01-26,7.2,    0,1.5
2024-01-25,5.0,    0,-0.5
2024-01-24,3.8,    0,-1.3
2024-01-23,7.7,0,1.5914015552155318
2024-01-22,12.4,    0,1.660541710737085
2024-01-21,13.9,  239,1.4482607764944124
2024-01-20,9.123076923076923,   79,5.2
2024-01-19,12.5,   10,1.4272912765860937
2024-01-18,9.715934065934064,   99,5.8
2024-01-17,11.4,    0,-0.4
2024-01-16,5.8,    0,1.711590483548466
2024-01-15,7.5,    5,1.7225167497605511
2024-01-14,10.6,    0,-0.6
2024-01-13,11.3,    0,1.7561398509895114
2024-01-12,13.1,    0,1.3
2024-01-11,11.9,    0,1.4590247084298527
2024-01-10,8.7,    5,1.8
2024-01-09,10.4,    0,-0.4
2024-01-08,7.1,    5,1.4237681309179915
2024-01-07,10.4,    0,1.3938932690337356
2024-01-06,13.4,    0,1.6211659963064629
2024-01-05,13.1,    0,1.9
2024-01-04,12.3,   61,1.7179865549716404
2024-01-03,11.4,    0,4.4
2024-01-02,12.5,    0,0.9
2024-01-01,10.0,   76,1.8156813951229829
2023-12-31,13.8,    0,1.6953388377668022
2023-12-30,13.3,    0,1.9
2023-12-29,11.6,    0,1.2940838989884522
2023-12-28,13.7,    0,2.5
2023-12-27,12.0,    0,1.3087586776565197
2023-12-26,10.7,    0,0.4
2023-12-25,11.3,    0,1.0844885674612297
2023-12-24,10.4,    0,0.1
2023-12-23,8.8,    0,-0.8
2023-12-22,6.1,    0,-1.0
2023-12-21,6.7,    0,2.072113385919795
2023-12-20,11.8,    0,2.5
2023-12-19,9.7,    0,2.1056601953381024
2023-12-18,8.4,    0,1.3
2023-12-17,8.1,    0,3.6434339619325367
2023-12-16,18.1,   61,4.235100628599203
2023-12-15,13.47857142857143,   30,10.5
2023-12-14,15.9,    0,4.9
2023-12-13,14.5,0,5.423682898822487
2023-12-12,17.7,   89,5.608298283437872
2023-12-11,18.5,   30,10.9
2023-12-10,19.9,    0,7.5
2023-12-09,18.3,    0,7.2
2023-12-08,15.0,    0,3.8
2023-12-07,15.7,    0,5.335998431855031
2023-12-06,14.9,   10,6.5
2023-12-05,10.9,    0,4.9
2023-12-04,13.2,    0,2.5
2023-12-03,12.9,    0,2.7
2023-12-02,13.0,    0,2.1
2023-12-01,12.8,    0,4.093599843185503
2023-11-30,13.5,    0,4.439054388640049
2023-11-29,14.2,    0,3.8
2023-11-28,17.6,    0,4.327721185985463
2023-11-27,14.1,    0,4.9
2023-11-26,13.8,    0,4.4
2023-11-25,11.9,    5,4.814579583437364
2023-11-24,18.2,    0,5.061359545568035
2023-11-23,19.7,    0,7.6
2023-11-22,18.7,    0,5.7
2023-11-21,16.9,    0,4.8
2023-11-20,16.3,    0,5.7614490117277635
2023-11-19,16.3,    0,6.8
2023-11-18,12.0,    0,5.983738814073317
2023-11-17,16.6,  216,6.100654737136912
2023-11-16,17.7,    0,7.1
2023-11-15,18.0,    0,6.5
2023-11-14,16.9,    0,5.7
2023-11-13,11.1,   51,7.4939825069931105
2023-11-12,14.5,    0,8.427837605820333
2023-11-11,15.8,    0,9.118746696729424
2023-11-10,18.1,  160,9.711768462223313
2023-11-09,24.2,    0,12.4
2023-11-08,22.5,    0,11.1
2023-11-07,22.5,  130,10.771027939313848
2023-11-06,25.0,   79,11.194104862390772
2023-11-05,26.5,    0,15.1
2023-11-04,25.2,    0,14.4
2023-11-03,26.2,    0,13.1
2023-11-02,25.1,    0,12.2
2023-11-01,23.6,    0,10.5
2023-10-31,22.7,    0,12.133193891064055
2023-10-30,21.6,    0,11.2
2023-10-29,19.5,    0,11.0
2023-10-28,21.3,    0,11.784835808278551
2023-10-27,24.0,   71,11.547093609031144
2023-10-26,24.3,    0,12.2
2023-10-25,25.1,    0,11.780426942364478
2023-10-24,24.0,    0,11.8
2023-10-23,23.7,    0,11.5
2023-10-22,20.4,    0,9.6
2023-10-21,19.2,    0,12.482941487243107
2023-10-20,25.3,   10,12.55920516988656
2023-10-19,26.7,    0,15.1
2023-10-18,25.9,    0,13.0
2023-10-17,25.2,    0,12.774214665712966
2023-10-16,25.6,    0,14.5
2023-10-15,23.7,  130,13.261636132284263
2023-10-14,21.9,   51,14.5
2023-10-13,25.0,    0,12.7
2023-10-12,24.8,    0,13.98176119977747
2023-10-11,24.8,    0,14.35176119977747
2023-10-10,24.8,    0,14.569943017959288
2023-10-09,21.5,  140,15.4
2023-10-08,21.3,   51,14.75651015497985
2023-10-07,23.6,    0,14.6
2023-10-06,23.5,    0,15.455997557249407
2023-10-05,22.4,    0,15.73159731297435
2023-10-04,24.6,   89,18.8
2023-10-03,25.6,    0,15.4
2023-10-02,26.6,    0,18.144410502520362
2023-10-01,27.3,  180,19.017137775247633
2023-09-30,31.9,    0,20.0
2023-09-29,31.5,    0,20.31355846799925
2023-09-28,30.51538461538462,0,20.755154914431053
2023-09-27,32.7,0,21.48585513834986
2023-09-20,31.851098901098904,0,26.0
2023-09-19,34.1,    0,25.3
2023-09-18,34.4,   20,25.0
2023-09-17,34.6,    0,24.6
2023-09-16,36.4,    0,23.362880710065014
2023-09-15,34.6,    0,23.616990896903825
2023-09-14,33.0,    0,24.5
2023-09-13,32.7,    0,23.1
2023-09-12,32.2,    5,23.1
2023-09-11,31.3,   76,24.047987160696884
2023-09-10,33.6,   20,23.7
2023-09-09,33.3,    0,22.5
2023-09-08,31.5,   61,24.17649780576007
2023-09-07,33.53846153846154,0,24.232448496645695
2023-09-06,31.1,  170,24.441539405736602
2023-09-05,36.3,    0,24.68320607240327
2023-09-04,35.1,    0,27.0
2023-09-03,37.2,    0,25.2
2023-09-02,33.1,    0,25.0
2023-09-01,35.6,    0,25.7179762908112
2023-08-31,34.849112426035504,0,25.833940733256913
2023-08-30,33.6,    0,26.8
2023-08-29,36.5,    0,26.0
2023-08-28,36.1,    0,25.5
2023-08-20,34.82493660185968,0,27.6
2023-08-19,37.5,    0,27.5
2023-08-18,34.0,    0,26.2
2023-08-17,33.4,   71,25.8
2023-08-16,35.2,  429,24.7
2023-08-15,27.1, 1229,26.35
2023-08-14,35.6,   51,26.385
2023-08-13,37.8,    0,26.473499999999994
2023-08-12,38.9,    0,25.8
2023-08-11,36.4,    0,26.528045454545452
2023-08-10,35.02857142857143,0,26.578045454545457
2023-08-09,31.7,   30,28.0
2023-08-08,33.1,   51,26.4
2023-08-07,32.1,   10,26.79704924242424
2023-08-06,35.6,    0,26.831386679292933
2023-08-05,37.7,    0,28.0
2023-08-04,37.8,    0,27.7
2023-08-03,38.0,    0,26.8
2023-08-02,38.3,    0,26.1
2023-08-01,38.2,    0,26.869036326809763
2023-07-31,35.9,    0,26.8
2023-07-30,37.2,    0,26.8231094620079
2023-07-29,38.1,    0,26.713724699201265
2023-07-28,38.7,    0,27.3
2023-07-27,36.91428571428572,0,26.8
2023-07-26,38.9,    0,26.7
2023-07-25,36.6,    0,26.2
2023-07-24,36.0,    0,26.3
2023-07-23,36.6,    0,26.3
2023-07-22,35.1,    0,25.3
2023-07-21,35.8,    0,22.4
2023-07-20,33.4,    0,25.472727272727276
2023-07-19,33.9,    0,25.35206611570248
2023-07-18,35.6,    0,25.8
2023-07-17,37.7,    0,25.0
2023-07-16,36.1,   10,24.929526671675433
2023-07-15,34.1,    0,25.6
2023-07-14,32.7,    0,23.8
2023-07-13,28.4,  191,24.641301823645925
2023-07-12,33.7,   51,24.565717691911257
2023-07-11,35.0,    0,24.0
2023-07-10,33.6,   51,24.157867835202968
2023-07-09,28.9,  130,25.2
2023-07-08,30.0,    0,22.560444304614556
2023-07-07,36.8,   10,23.0
2023-07-06,35.1,    0,22.9
2023-07-05,28.6,  201,19.98945725742989
2023-07-04,36.3,    0,22.1
2023-07-03,32.9,    0,17.93706994520431
2023-04-18,21.3,    5,8.2
2023-04-17,17.8,   10,15.27391429227073
2023-04-16,20.6,   30,13.915418576531149
2023-04-15,24.199999999999996,  300,12.9
2023-04-14,22.9,    0,10.3
2023-04-13,22.7,    0,6.0
2023-04-12,18.9,    5,11.177200234500518
2023-04-11,24.5,    0,10.7
2023-04-10,22.4,    0,6.7
2023-04-09,19.5,    5,4.9
2023-04-08,15.3,    5,9.673100019541709
2023-04-07,17.7,  589,9.350023096464787
2023-04-06,21.0,   10,13.7
2023-04-05,19.9,   10,13.6
2023-04-04,23.5,    0,8.2
2023-04-03,21.4,    0,8.271009470462037
2023-04-02,22.3,    0,9.3
2023-04-01,25.2,    0,8.6
2023-03-31,23.6,    0,8.7
2023-03-30,21.5,    0,5.1
2023-03-29,19.7,    0,4.8
2023-03-28,18.8,    0,4.9
2023-03-27,16.6,    0,7.470091770042003
2023-03-26,12.8,  269,7.397281070003817
2023-03-25,17.3,   30,9.6
2023-03-24,20.5,    0,7.086737284004582
2023-03-23,18.514285714285716,  180,7.095828193095491
2023-03-22,25.5,    0,10.1
2023-03-21,16.3,   51,9.0
2023-03-20,20.0,    0,3.8
2023-03-19,18.0,    0,7.017984654710391
2023-03-18,13.3,  279,7.009140921073679
2023-03-17,16.4,    5,6.7736082775349225
2023-03-16,22.5,    0,8.8
2023-03-15,21.2,    0,4.9
2023-03-14,17.5,    0,2.4
2023-03-13,11.9,   89,5.591727821109916
2023-03-12,23.2,    0,5.741038472869075
2023-03-11,24.7,    0,7.3
2023-03-10,22.7,    0,5.23386454762616
2023-03-09,21.0,    0,7.5
2023-03-08,20.9,    0,5.3
2023-03-07,19.1,    0,3.7
2023-03-06,17.6,    0,2.6
2023-03-05,14.6,    0,4.261354820045022
2023-03-04,15.0,    0,2.2
2023-03-03,12.7,0,3.809521936767118
2023-03-02,9.9,   25,3.615534250619285
2023-03-01,18.7,    0,4.7
2023-02-28,17.1,    0,1.8
2023-02-27,15.5,    0,0.8
2023-02-26,7.2,    0,2.7540456674923806
2023-02-25,7.9,    0,2.7079101854878784
2023-02-24,7.2,   61,2.4260920036696967
2023-02-23,12.1,    0,3.1
2023-02-22,9.5,0,1.8534588960590872
2023-02-21,5.7,   41,0.5
2023-02-20,11.4,    0,1.5741506752709042
2023-02-19,14.9,  130,1.8377870389072681
2023-02-18,10.164285714285715,    0,3.8
2023-02-17,12.6,    0,-0.9
2023-02-16,5.0,    0,1.8332178736579328
2023-02-15,5.3,   10,-1.3
2023-02-14,7.5,    5,1.7045155587836107
2023-02-13,11.0,0,1.7136064678745198
2023-02-12,18.3,    0,3.7
2023-02-11,13.9,    0,1.531939990937824
2023-02-10,8.3,  109,3.3
2023-02-09,8.9,    0,2.7
2023-02-08,11.0,    0,1.2650062017595953
2023-02-07,14.8,    0,1.5215068219355548
2023-02-06,11.3,    0,0.6
2023-02-05,11.3,    0,0.9016775467848159
2023-02-04,11.8,    0,-0.3
2023-02-03,6.9,    0,0.5588190570479966
2023-02-02,7.4,    0,-0.10481730658836694
2023-02-01,10.4,    0,-1.0
2023-01-31,7.2,    0,-0.522281388082
2023-01-30,7.3,    0,-1.4
2023-01-29,7.3,    0,-2.0
2023-01-28,5.2,   46,-0.5768279637622371
2023-01-27,3.2,   61,-0.4768279637622369
2023-01-26,5.7,    0,-4.0
2023-01-25,1.3,   30,-0.6175937315606475
2023-01-24,9.3,   89,-0.5793531047167121
2023-01-23,9.6,   10,3.6
2023-01-22,8.5,    0,-0.6
2023-01-21,7.3,    0,0.872155248466463
2023-01-20,12.2,    0,0.8
2023-01-19,11.0,    0,1.3875208412189104
2023-01-18,10.8,    0,1.7057026594007285
2023-01-17,9.0,    0,1.9169114222153991
2023-01-16,10.9,    0,2.0901908476084583
2023-01-15,13.3,    0,1.9643734182424966
2023-01-14,14.8,  140,10.3
2023-01-13,14.6,   30,3.7
2023-01-12,14.2,    0,0.4
2023-01-11,10.5,    0,-0.5
2023-01-10,8.4,    0,2.306497789824214
2023-01-09,12.4,    0,1.5
2023-01-08,12.9,    0,2.370079200733337
2023-01-07,9.6,    0,1.1
2023-01-06,10.0,    0,1.5524160900506863
2023-01-05,9.2,    0,2.2
2023-01-04,8.2,    0,1.4024160900506866
2023-01-03,9.8,    0,0.7
2023-01-02,8.7,    0,1.4931737618940646
2023-01-01,11.5,    0,2.4
2022-12-31,11.6,    0,0.9
2022-12-30,10.2,    0,1.0952732674541308
2022-12-29,9.2,    0,1.7
2022-12-28,12.1,    0,0.6
2022-12-27,10.0,    0,0.6534951844861996
2022-12-26,8.3,    0,0.4618285178195329
2022-12-25,9.6,   10,0.37588308081332195
2022-12-24,6.8,    0,-0.5
2022-12-23,4.5,    0,-0.4
2022-12-22,10.4,  165,0.05374607119264132
2022-12-21,9.9,    0,0.2
2022-12-20,9.7,    0,-1.0
2022-12-19,6.5,    0,-1.6
2022-12-18,5.5,    0,1.0129629152005966
2022-12-17,6.5,   30,1.4060644533084763
2022-12-16,9.9,0,1.7977311199751427
2022-12-15,8.8,    0,0.1
2022-12-14,9.2,    0,2.462827576037247
2022-12-13,15.0,   61,7.4
2022-12-12,13.1,    0,5.5
2022-12-11,14.8,    0,3.481632172043455
2022-12-10,16.1,    0,4.7
2022-12-09,14.6,    0,4.2
2022-12-08,15.6,    0,4.1
2022-12-07,11.9,    0,4.2
2022-12-06,13.8,    0,5.3481632172043465
2022-12-05,13.4,    0,5.475435944477073
2022-12-04,13.1,    0,4.9
2022-12-03,12.3,    0,1.6
2022-12-02,10.9,    0,6.365781741971038
2022-12-01,11.4,    0,6.562670991241133
2022-11-30,17.2,   20,6.786550172263054
2022-11-29,19.5,  211,13.4
2022-11-28,20.8,    0,8.8
2022-11-27,18.2,    0,7.89227299140684
2022-11-26,17.2,    0,10.1
2022-11-25,17.8,    0,7.9
2022-11-24,18.2,    0,8.758317650446457
2022-11-23,15.6,  140,8.957921892192395
2022-11-22,18.4,    0,10.0
2022-11-21,19.8,  140,8.673501139458699
2022-11-20,17.6,   46,10.4
2022-11-19,18.5,    0,7.8
2022-11-18,18.5,    0,6.7
2022-11-17,16.6,    0,9.035430971099778
2022-11-16,17.6,    0,9.047237833562574
2022-11-15,19.3,    0,8.1
2022-11-14,16.3,    0,8.854680828676754
2022-11-13,18.1,  130,8.86977913611159
2022-11-12,23.7,    0,10.9
2022-11-11,21.9,    0,10.5
2022-11-10,21.7,    0,8.6
2022-11-09,19.9,    0,8.9
2022-11-08,20.9,    0,9.29160666275426
2022-11-07,20.1,    0,7.6
2022-11-06,19.6,    0,9.42904286654065
2022-11-05,18.4,    0,9.491183281032768
2022-11-04,22.2,    0,9.35118328103277
2022-11-03,23.2,    0,11.3
2022-11-02,24.0,    0,9.278456008305495
2022-11-01,15.9,  140,9.31286109996963
2022-10-31,20.5,    0,8.9
2022-10-30,19.9,    0,9.48627265368813
2022-10-29,19.3,    0,10.074541484002618
2022-10-28,22.4,    0,9.5
2022-10-27,19.3,    0,9.3
2022-10-26,21.4,    0,9.0
2022-10-25,19.7,    0,10.20818613751782
2022-10-24,20.2,    5,10.307666697245397
2022-10-23,24.7,    0,11.017666697245398
2022-10-22,25.0,    0,15.9
2022-10-21,23.4,0,11.693351953200862
2022-10-20,22.7,    0,10.4
2022-10-19,22.1,    0,12.666079225928133
2022-10-18,21.3,0,12.9577458925948
2022-10-17,21.1,0,13.186875872184551
2022-10-16,27.8,    0,16.0
2022-10-15,27.1,    0,15.3
2022-10-14,27.2,0,13.525337745325695
2022-10-13,25.0,    0,15.1
2022-10-12,20.0,    0,14.4
2022-10-11,22.7,    0,12.5
2022-10-10,22.2,  226,14.841221361751025
2022-10-09,19.4,  180,12.9
2022-10-08,21.4,    0,14.896284345230747
2022-10-07,25.27857142857142,  460,15.2
2022-10-06,21.7,    0,15.315278411886863
2022-10-05,22.1,    0,15.339198235429848
2022-10-04,30.2,    0,15.443553594922053
2022-10-03,30.4,    0,20.3
2022-10-02,31.2,0,16.28943145874695
2022-10-01,30.9,    0,16.628374604621648
2022-09-30,29.5,    0,17.7
2022-09-29,26.9,    0,17.161583630560738
2022-09-28,27.7,    0,17.451103774934655
2022-09-27,29.5,   99,17.643095187616915
2022-09-26,32.0,    0,19.1
2022-09-25,29.1,    0,16.7
2022-09-24,28.9,    0,18.448415719773397
2022-09-23,24.9,  140,19.173108937535066
2022-09-22,26.4,   20,18.8
2022-09-21,24.4,    0,18.5
2022-09-20,23.4,  391,20.651329076811397
2022-09-19,31.6,   79,21.172737811176656
2022-09-18,31.5,    0,24.8
2022-09-17,30.3,    0,22.041968580407424
2022-09-16,32.3,    0,24.6
2022-09-15,33.6,    0,22.59738734372273
2022-09-14,34.0,    0,24.8
2022-09-13,34.9,    0,24.6
2022-09-12,34.5,    0,23.9
2022-09-11,34.7,    0,23.6
2022-09-10,32.4,    0,23.5
2022-09-09,28.7,  211,22.8
2022-09-08,28.8,   51,23.63612612215661
2022-09-07,30.4,   41,22.7
2022-09-06,35.0,   89,23.811343843513047
2022-09-05,33.6,    0,24.7
2022-09-04,34.3,    0,23.9
2022-09-03,32.9,   76,23.404315451424512
2022-09-02,31.8,  419,22.9
2022-09-01,29.4,  409,23.631980492463104
2022-08-31,36.1,   20,24.8
2022-08-30,31.3,  211,24.7
2022-08-29,33.0,    0,20.0
2022-08-28,30.0,    0,23.437366215987513
2022-08-27,32.2,    0,23.385962462208347
2022-08-26,32.4,    0,23.685530917065897
2022-08-25,32.6,    0,25.4
2022-08-24,32.4,0,23.778762177251306
2022-08-19,33.2,    0,22.2
2022-08-18,32.2, 1011,23.965291308057004
2022-08-17,28.2,  759,24.405879231174453
2022-08-16,36.0,  221,24.752142609575703
2022-08-15,36.3,   30,26.4
2022-08-14,31.8,   30,25.150207532605847
2022-08-13,34.2,    0,25.122934805333124
2022-08-12,35.4,    0,25.249704623895514
2022-08-11,37.4,    0,27.4
2022-08-10,36.9,    0,25.748405733548722
2022-08-09,37.2,    0,26.9
2022-08-08,36.3,    0,26.3
2022-08-07,34.3,   10,26.089271057948604
2022-08-06,33.1,    0,25.1
2022-08-05,33.0,  130,25.3
2022-08-04,35.3,  119,26.43647306595811
2022-08-03,37.5,  109,26.9
2022-08-02,37.7,    0,26.410478676992224
2022-08-01,37.2,    0,27.3
2022-07-31,37.4,    0,26.6
2022-07-30,34.8,    0,25.92057931191253
2022-07-29,35.4,    0,27.2
2022-07-28,35.3,    0,26.4
2022-07-27,35.7,    0,25.585921499075393
2022-07-26,36.8,    0,26.4
2022-07-25,35.9,    0,25.7
2022-07-24,34.7,    0,21.3
2022-07-23,30.2,    0,24.867208400915658
2022-07-22,32.5,  221,24.72716383846085
2022-07-21,32.2,    0,23.9
2022-07-20,34.7,   41,23.0
2022-07-19,27.6, 1661,24.10725940302896
2022-07-18,32.9,    0,24.4
2022-07-17,32.6,    0,24.4
2022-07-16,29.7,    0,24.2
2022-07-15,32.6,    5,24.1
2022-07-14,27.7,   25,23.9
2022-07-13,30.8,    0,22.5
2022-07-12,30.2,  211,23.920725940302894
2022-07-11,33.6,    0,23.90207259403029
2022-07-10,31.1,   81,24.1
2022-07-09,34.2,  371,23.972279853433317
2022-07-08,32.2,    0,23.8
2022-07-07,34.7,    0,23.7
2022-07-06,34.0,    0,24.21950783877665
2022-07-05,30.8,  150,24.474053293322104
2022-07-04,27.8,   61,24.55565946496353
2022-07-03,27.2,  259,24.5478077269612
2022-07-02,38.6,    0,25.6
2022-07-01,38.3,    0,25.5
2022-06-30,37.2,    0,25.2
2022-06-29,35.6,    0,24.64592525569411
2022-06-28,35.2,    0,25.3
2022-06-27,34.1,    0,24.9
2022-06-26,32.9,    0,23.8
2022-06-25,33.0,    0,24.337160437974507
2022-06-24,34.2,    0,26.2
2022-06-23,33.3,    0,23.9
2022-06-22,31.8,   84,22.2
2022-06-21,25.4,  351,22.694763369831207
2022-06-20,31.7,    0,22.025532600600442
2022-06-19,31.4,    0,22.4
2022-06-18,28.2,    0,22.4
2022-06-17,31.7,    0,20.9
2022-06-16,27.7,    0,19.0
2022-06-15,24.9,   51,17.0
2022-06-14,21.0,0,19.347299633675604
2022-06-13,27.6,    0,16.6
2022-06-12,25.5,    5,18.487274969472967
2022-06-11,25.2,   20,18.087274969472965
2022-06-10,30.0,    0,20.6
2022-06-09,30.4,    0,15.3
2022-06-08,25.1,    0,13.9
2022-06-07,22.6,    5,16.99348746438513
2022-06-06,21.4,  551,17.3
2022-06-05,27.4,    5,17.1
2022-06-04,29.0,    0,17.2
2022-06-03,30.6,    0,16.49940795130774
2022-06-02,30.9,    0,15.8
2022-06-01,27.4,    0,14.2
2022-05-31,27.9,   61,16.572081401426626
2022-05-30,30.6,    5,16.533771759339487
2022-05-29,33.5,    0,17.3
2022-05-28,29.2,    0,15.8
2022-05-27,28.7,  170,16.291387373824897
2022-05-26,28.4,   20,16.024770044549253
2022-05-25,29.5,    0,19.2
2022-05-24,30.5,    0,14.9
2022-05-23,27.6,   61,15.637494098142804
2022-05-22,29.6,    0,15.6
2022-05-21,22.0,    0,15.179470959709748
2022-05-20,26.5,    0,16.8
2022-05-19,28.5,    0,13.3
2022-05-18,28.2,    0,12.6
2022-05-17,22.5,    0,14.643080421487715
2022-05-16,22.8,    0,13.3
2022-05-15,20.7,    0,12.7
2022-05-14,22.7,  160,14.422255138119747
2022-05-13,22.4,  140,18.3
2022-05-12,22.3,   99,13.978666869055223
2022-05-11,26.0,    0,17.5
2022-05-10,24.3,    0,9.9
2022-05-09,17.1,    0,12.708410167264582
2022-05-08,22.3,    0,12.659111014536629
2022-05-07,28.5,    0,12.497572552998168
2022-05-06,26.1,    0,15.2
2022-05-05,29.3,    0,11.9
2022-05-04,26.1,    0,9.8
2022-05-03,21.6,    0,7.8
2022-05-02,21.5,    0,7.7
2022-05-01,19.0,  109,12.479723630627902
2022-04-30,21.7,    0,10.6
2022-04-29,19.0,  589,12.58164363588566
2022-04-28,25.7,    0,11.3
2022-04-27,23.3,   71,12.281643635885656
2022-04-26,23.2,  211,18.1
2022-04-25,28.9,    0,16.4
2022-04-24,19.0,   79,15.8
2022-04-23,25.2,    0,13.9
2022-04-22,24.5,   10,12.986328727177133
2022-04-21,20.9,   99,13.2
2022-04-20,25.8,    0,10.0
2022-04-19,23.3,    0,13.476258747464126
2022-04-18,22.7,    0,13.106258747464125
2022-04-17,22.0,    0,6.3
2022-04-16,16.5,    0,12.06080420200958
2022-04-15,18.3,  119,11.89360458401045
2022-04-14,24.4,   89,11.619743856745687
2022-04-13,28.5,    0,11.073590010591841
2022-04-12,28.0,    0,14.6
2022-04-11,25.9,    0,14.4
2022-04-10,27.9,    0,11.5
2022-04-09,25.1,    0,9.2
2022-04-08,21.5,    0,10.080630768304362
2022-04-06,21.93076923076923,0,9.7
2022-04-05,21.8,    0,6.1
2022-04-04,18.4,    0,9.32551188802767
2022-04-03,13.6,    5,8.0
2022-04-02,19.173626373626373,0,2.8
2022-04-01,12.6,    5,7.640614265633202
2022-03-31,15.2,0,7.222432447451385
2022-03-30,22.2,    0,9.4
2022-03-29,17.0,    0,6.8
2022-03-28,14.4,    0,6.2535053273738415
2022-03-27,20.1,   41,5.8763793367048685
2022-03-26,16.7,  119,5.699410948096941
2022-03-25,20.2,    0,5.0
2022-03-24,15.7,    5,4.6
2022-03-23,13.0,    0,2.8
2022-03-22,10.9,  140,5.702663237470514
2022-03-21,14.4,    0,5.2
2022-03-20,12.1,    0,4.8
2022-03-19,11.4,   41,6.036552198687951
2022-03-18,12.5,  340,8.6
2022-03-17,17.7,    0,5.469934619679872
2022-03-16,22.2,    0,7.1
2022-03-15,19.0,    0,5.317429171319861
2022-03-14,21.3,   79,12.7
2022-03-13,22.4,0,5.068659665807307
2022-03-11,19.5,    0,4.2
2022-03-10,17.1,    0,2.5
2022-03-09,14.5,    0,1.4
2022-03-08,13.0,    0,0.1
2022-03-07,8.9,    0,3.644189894284288
2022-03-06,9.3,    0,3.492077232735599
2022-03-05,17.0,    5,2.6
2022-03-04,12.4,    0,1.8
2022-03-03,13.7,    0,1.6487515570018076
2022-03-02,12.4,    0,1.357084890335141
2022-03-01,8.4,  130,3.5
2022-02-28,15.2,    0,0.9
2022-02-27,13.3,    0,1.1270830618247771
2022-02-26,13.1,    0,0.0
2022-02-25,11.2,    0,-1.8
2022-02-24,6.5,    0,0.36940995909681046
2022-02-23,6.7,    0,-1.0
2022-02-22,9.0,    0,0.24970775174346568
2022-02-21,6.5,    5,-0.1
2022-02-20,8.8,   25,0.07885006438875447
2022-02-19,8.9,   71,0.1
2022-02-18,8.6,    0,-0.4
2022-02-17,5.5,    0,-0.9
2022-02-16,7.5,    0,0.33895980146656546
2022-02-15,12.2,    0,1.2
2022-02-14,10.9,    0,0.40161907871412
2022-02-13,6.7,   71,2.1
2022-02-12,13.1,    0,0.9
2022-02-11,12.2,    0,0.40405788801806847
2022-02-10,9.4,    0,0.5131487971089777
2022-02-09,11.0,    0,1.5
2022-02-08,11.4,    5,0.6198932512582878
2022-02-07,8.4,    0,-0.4
2022-02-06,9.62142857142857,0,-0.7
2022-02-05,6.0,    0,0.5237099936385334
2022-02-04,10.5,    0,0.5418918118203515
2022-02-03,9.1,    0,0.8
2022-02-02,8.0,    0,0.5441359142470158
2022-02-01,10.6,    0,0.1
2022-01-31,8.9,    0,0.3827034290641729
2022-01-30,9.4,    0,0.43270342906417286
2022-01-29,9.6,    0,1.5
2022-01-28,9.9,    0,1.1
2022-01-27,9.4,    0,0.3799618976979468
2022-01-26,10.9,    0,0.4
2022-01-25,9.3,    0,-0.2
2022-01-24,9.2,   20,0.38294739631885766
2022-01-23,5.0,  109,0.2
2022-01-22,7.2,    0,0.31357577450140034
2022-01-21,4.1,   89,-0.5
2022-01-20,6.0,   30,-0.2
2022-01-19,7.4,    0,-0.2
2022-01-18,5.8,    0,0.08150210643820527
2022-01-17,9.9,    0,1.3
2022-01-16,10.6,    0,-0.4
2022-01-15,8.1,    0,0.42682526190360054
2022-01-14,3.7,   51,-1.0
2022-01-13,7.4,    0,0.7098479425765278
2022-01-12,4.9,    5,1.2
2022-01-11,7.3,   99,1.0348479425765278
2022-01-10,13.6,    0,3.4
2022-01-09,12.3,    0,0.7
2022-01-08,10.0,    0,1.0519564679142415
2022-01-07,6.6,    5,2.5
2022-01-06,6.8,    0,1.3196652353067297
2022-01-05,6.6,    0,2.0
2022-01-04,8.4,    0,1.5
2022-01-03,11.6,    0,1.1771621703220971
2022-01-02,9.4,    0,-0.9
2022-01-01,5.6,   10,0.983198208171452
2021-12-31,2.8,   20,1.1780025613800278
2021-12-30,10.7,    0,1.1416389250163914
2021-12-29,10.6,    0,1.3
2021-12-28,7.9,    0,1.2800001695354517
2021-12-27,5.8,   10,-1.1
2021-12-26,4.6,    5,1.4569033220086098
2021-12-25,10.9,   15,1.5953648604701482
2021-12-24,13.8,    0,3.0
2021-12-23,12.0,    0,2.1
2021-12-22,12.5,    0,2.0101744886164776
2021-12-21,14.7,    0,3.7
2021-12-20,12.0,    0,3.9
2021-12-19,9.5,    0,0.9
2021-12-18,5.9,   30,0.9
2021-12-17,14.4,  201,3.319106771692407
2021-12-16,15.4,    0,4.0
2021-12-15,14.1,    0,3.1
2021-12-14,11.9,    0,4.474464251972036
2021-12-13,10.4,    0,4.524464251972035
2021-12-12,15.8,    0,4.5860027135104975
2021-12-11,16.0,    0,6.6
2021-12-10,15.6,    0,6.3
2021-12-09,15.8,    0,6.3
2021-12-08,12.6,   41,5.098744268121213
2021-12-07,11.6,  300,10.2
2021-12-06,14.2,    0,4.3
2021-12-05,9.6,    0,4.7
2021-12-04,12.2,    0,5.181704024374655
2021-12-03,13.3,    0,3.3
2021-12-02,12.1,    0,2.8
2021-12-01,12.8,  320,5.098222572045079
2021-11-30,18.2,    0,5.1
2021-11-29,14.9,    0,2.3
2021-11-28,13.9,    0,4.987992659641973
2021-11-27,11.1,   30,5.016791925606171
2021-11-26,17.7,    0,5.273000650663021
2021-11-25,16.5,    0,7.6
2021-11-24,13.1,    0,5.5
2021-11-23,13.7,    0,6.134344112355561
2021-11-22,16.2,  239,6.228375395296975
2021-11-21,19.2,    0,8.3
2021-11-20,20.1,    0,6.622955643992885
2021-11-19,19.4,    0,8.0
2021-11-17,19.1,    0,8.2
2021-11-16,19.4,    0,6.842852794627269
2021-11-15,20.0,    0,7.2
2021-11-14,16.9,    0,8.289418383391713
2021-11-13,17.1,    0,5.4
2021-11-12,16.9,    0,8.595522682201185
2021-11-11,17.6,    0,8.938890350929107
2021-11-10,16.9,    5,9.024244019195388
2021-11-09,16.4,  239,9.099175293667697
2021-11-08,22.4,    0,14.1
2021-11-07,22.7,    0,12.0
2021-11-06,19.8,    0,9.3
2021-11-05,20.1,0,10.335783234599338
2021-11-04,21.5,    0,10.4
2021-11-03,22.5,    0,10.715920254746242
2021-11-02,22.2,    0,10.885087878301329
2021-11-01,23.8,    0,12.4
2021-10-31,22.4,    5,10.453679136764691
2021-10-30,21.8,    0,9.5
2021-10-29,19.8,    0,10.369047050441159
2021-10-28,21.1,    0,10.320339483659401
2021-10-27,21.5,    0,11.0
2021-10-26,21.7,    0,10.272815354916657
2021-10-25,15.0,  279,10.265080093252902
2021-10-24,18.0,    0,8.0
2021-10-23,18.6,    0,10.03272819822701
2021-10-22,20.9,    0,10.0
2021-10-21,17.8,    0,9.8
2021-10-20,17.8,    0,10.774513738488508
2021-10-19,20.9,   10,11.774513738488507
2021-10-18,20.0,    0,10.8
2021-10-17,19.8,   89,12.109083963911559
2021-10-16,28.2,    0,13.38908396391156
2021-10-15,28.2,    0,16.8
2021-10-14,27.4,    0,14.584719540480013
2021-10-13,26.7,    0,15.063191494528013
2021-10-12,28.2,   41,21.0
2021-10-11,29.7,    0,16.314607896283114
2021-10-10,30.4,    0,16.896426078101296
2021-10-09,31.0,    0,20.8
2021-10-08,31.2,    0,17.72589450093924
2021-10-07,29.2,    0,18.6
2021-10-06,28.3,    0,19.02728363362288
2021-10-05,30.7,    0,19.438684342412213
2021-10-04,31.3,    0,20.0
2021-10-03,30.6,    0,17.2
2021-10-02,29.7,    0,19.649321873081195
2021-10-01,27.3,    0,19.553432029171294
2021-09-30,28.4,    0,22.8
2021-09-29,29.3,    0,22.9
2021-09-28,28.1,0,20.0
2021-09-27,28.5,    0,17.8
2021-09-26,22.4,  269,20.330275390225246
2021-09-25,29.7,    0,19.5
2021-09-24,29.0,    0,20.958370741939657
2021-09-23,30.8,    0,20.89896783019681
2021-09-22,32.7,   20,20.72614672385107
2021-09-21,29.5,    0,22.0
2021-09-20,31.2,    0,21.9
2021-09-19,29.6,    0,20.83137606862128
2021-09-18,30.1,  371,22.8
2021-09-17,25.8,   30,21.028623760418984
2021-09-16,27.3,    0,18.9
2021-09-15,29.4,    0,21.048614655289136
2021-09-14,23.0,   99,20.3
2021-09-13,29.0,    0,20.87086144843294
2021-09-12,27.0,    0,20.825406902978397
2021-09-11,29.2,   20,22.6
2021-09-10,32.4,    0,19.4
2021-09-09,30.5,  630,20.734488300670044
2021-09-08,26.6,   41,21.134488300670046
2021-09-07,29.0,    0,19.9
2021-09-06,31.4,    0,21.226524495275143
2021-09-05,31.8,    0,21.4
2021-09-04,27.2,   71,21.699550109661523
2021-09-03,23.8,  124,22.1
2021-09-02,27.4,  160,22.239505120627676
2021-09-01,31.3,    0,23.3
2021-08-31,33.6,    0,22.796557972556432
2021-08-30,35.8,  119,23.23292160892007
2021-08-29,35.5,    0,23.48904456764714
2021-08-28,36.2,    0,25.2
2021-08-27,36.0,    0,23.519848405365487
2021-08-26,33.4,    0,25.7
2021-08-25,34.8,    0,23.744864379540758
2021-08-24,32.7,    0,25.2
2021-08-23,33.2,  170,24.7
2021-08-22,33.2,   20,24.3
2021-08-21,28.8,    0,22.0
2021-08-20,30.9,   89,21.5
2021-08-19,30.035714285714285,  269,23.444486437954076
2021-08-18,29.3,  300,23.16266825613589
2021-08-17,25.8,  490,23.10974133582636
2021-08-16,29.4,    0,22.6
2021-08-15,29.6,  551,21.7
2021-08-14,27.2, 1130,22.568544003324035
2021-08-13,26.2,  729,23.0
2021-08-12,26.0,  429,23.14282667036004
2021-08-11,30.4,    0,22.6
2021-08-10,30.8,    5,23.612111200951045
2021-08-09,31.8,  391,23.856680170421374
2021-08-08,37.8,    0,23.99001350375471
2021-08-07,34.9,    0,24.180847962400932
2021-08-06,34.8,    0,24.31520662565734
2021-08-05,38.7,    0,26.1
2021-08-04,36.6,    0,25.5
2021-08-03,30.8,   51,25.8
2021-08-02,34.8,    0,25.8
2021-08-01,34.7,    0,24.2
2021-07-31,35.1,  439,25.108732235278026
2021-07-30,36.0,   10,25.218661571744615
2021-07-29,35.2,    0,24.7
2021-07-28,32.7,   99,24.3
2021-07-27,34.1,    0,25.277282817251887
2021-07-26,36.4,    0,25.6
2021-07-25,35.5,    0,25.158723052022875
2021-07-24,36.3,    0,25.7
2021-07-23,36.1,    0,25.5
2021-07-22,36.3,    0,26.0
2021-07-21,35.9,    0,25.4
2021-07-20,37.3,    0,24.541231220713446
2021-07-19,37.2,    0,24.9
2021-07-18,33.1,    5,24.39166285606136
2021-07-17,32.4,    0,25.0
2021-07-16,30.7,   99,22.9
2021-07-15,32.1,  386,23.1
2021-07-14,30.7,  109,22.9
2021-07-13,32.7,   41,21.6
2021-07-12,29.9,   30,23.632406984006817
2021-07-11,34.0,   10,23.662406984006818
2021-07-10,32.5,   20,24.5
2021-07-09,29.8,   71,23.381346724364878
2021-07-08,30.542857142857148,  221,23.4
2021-07-07,26.2,  719,23.11468005769821
2021-07-06,32.4,    0,22.953141596159753
2021-07-05,30.6,   30,22.888855881874036
2021-07-04,32.1,   10,25.2
2021-07-03,31.4,0,23.5
2021-07-02,27.6,   71,22.8
2021-07-01,25.6,  284,22.0
2021-06-30,30.8,   89,20.8
2021-06-29,29.3,  140,20.8
2021-06-28,30.0,   10,20.7
2021-06-27,25.6,    0,21.166666666666668
2021-06-26,27.4,    0,20.8
2021-06-25,30.2,    0,20.9
2021-06-24,31.7,    0,19.0
2021-06-23,30.7,    0,20.176666666666666
2021-06-22,28.1,    0,20.4
2021-06-21,32.7,0,17.1
2021-06-20,28.7,    0,20.094333333333335
2021-06-19,22.6,  239,19.9871
2021-06-18,25.1,    0,20.078009090909095
2021-06-17,30.1,    0,20.1
2021-06-16,29.192857142857143,  109,20.003009090909092
2021-06-15,31.7,   89,20.8
2021-06-14,28.9,   66,20.5
2021-06-13,24.7,   46,20.042041046831955
2021-06-12,29.4,    0,19.634179935720844
2021-06-11,30.3,    0,21.8
2021-06-10,33.6,    0,20.0
2021-06-09,32.1,    0,19.0
2021-06-08,32.6,    0,19.143292816595707
2021-06-07,32.6,    0,18.584959483262374
2021-06-06,29.1,    0,18.1
2021-06-05,24.8,    0,15.2
2021-06-04,22.4,  429,17.884386572714373
2021-06-03,28.1,    0,19.2
2021-06-02,28.1,    0,17.037512624779314
2021-06-01,31.2,    0,16.3
2021-05-31,29.5,    0,14.1
2021-05-30,28.4,    0,16.16218991974937
2021-05-29,28.6,    0,15.968408911724305
2021-05-28,25.3,    0,15.3
2021-05-27,26.99230769230769,  419,14.6
2021-05-26,24.0,    0,15.55201238402811
2021-05-25,26.7,    0,15.778261121550178
2021-05-24,25.6,   61,15.726087233705197
2021-05-23,28.9,    0,13.9
2021-05-22,22.6,    5,16.493160877364343
2021-05-21,23.9,  691,16.595793468053984
2021-05-20,25.684023668639046,  531,16.6
2021-05-19,22.7,0,16.526562698823216
2021-05-18,25.1,   81,19.3
2021-05-17,24.6,   56,16.18781571368821
2021-05-16,25.291715976331364,  119,19.5
2021-05-15,27.4,    0,19.2
2021-05-14,30.2,    0,17.2
2021-05-13,25.2,   61,16.1
2021-05-12,21.1,   61,12.9
2021-05-11,23.1,    0,15.14898464280735
2021-05-10,26.6,    0,10.4
2021-05-09,27.0,    0,14.187415386900613
2021-05-08,23.8,    0,14.9
2021-05-07,20.0,   20,14.8
2021-05-06,26.6,   10,10.6
2021-05-05,17.7,  160,12.419700002475665
2021-05-04,26.2,    0,10.7
2021-05-03,21.9,    0,8.8
2021-05-02,15.9,   10,11.782465035397843
2021-05-01,25.9,   30,11.4
2021-04-30,23.7,   20,11.4
2021-04-29,16.1,  861,10.754742276170319
2021-04-28,19.3,  239,13.8
2021-04-27,22.9,    0,6.6
2021-04-26,19.0,    0,9.976109755597106
2021-04-25,22.2,    0,10.083028824287751
2021-04-24,24.0,    0,9.928534623277743
2021-04-23,24.5,    0,10.3
2021-04-22,27.1,    0,10.5
2021-04-21,27.1,    0,9.42615210937842
2021-04-20,25.1,    0,8.3
2021-04-19,20.7,    0,6.1
2021-04-18,15.7,   10,9.30314296307866
2021-04-17,14.6,  610,8.79675613044114
2021-04-16,16.9,    0,12.6
2021-04-15,19.3,    0,5.5
2021-04-14,20.4,   51,8.402368291172566
2021-04-13,21.4,   10,14.2
2021-04-12,21.7,    0,9.7
2021-04-11,21.0,    0,5.0
2021-04-10,17.2,    0,3.5
2021-04-09,16.3,    0,9.410236829117256
2021-04-08,21.4,    5,9.001145920026346
2021-04-07,21.7,    0,9.319431912756015
2021-04-06,19.9,   71,8.0
2021-04-05,15.1,    0,8.923081466189961
2021-04-04,18.8,  170,9.268536011644507
2021-04-03,21.8,    0,15.1
2021-04-02,23.3,    0,12.1
2021-04-01,23.8,    0,8.1
2021-03-31,23.5,    0,9.511104939059049
2021-03-30,23.5,    0,8.95479294699032
2021-03-29,22.9,    0,9.041592305807622
2021-03-28,17.0,   84,13.5
2021-03-27,22.0,    0,5.6
2021-03-26,19.6,    0,8.055226381077908
2021-03-25,16.1,   10,7.321893047744575
2021-03-24,21.0,    0,5.2
2021-03-23,16.2,    0,3.2
2021-03-22,13.6,    0,6.79322597788584
2021-03-21,17.4,  521,6.605862117225693
2021-03-20,22.0,    0,7.1
2021-03-19,21.5,    0,6.3
2021-03-18,19.7,    0,3.3
2021-03-17,15.5,    0,5.53628073591923
2021-03-16,16.1,    0,7.6
2021-03-15,18.4,    0,5.3
2021-03-14,15.3,    0,5.312922077558629
2021-03-13,15.1,  351,5.195382073952532
2021-03-12,16.5,   30,7.5
2021-03-11,18.4,    0,2.0
2021-03-10,15.7,    0,5.285871353402762
2021-03-09,16.4,    0,2.4
2021-03-08,13.2,    0,5.181288682264903
2021-03-07,13.0,    0,4.8
2021-03-06,16.7,   10,4.8965947372382
2021-03-05,14.4,   99,10.2
2021-03-04,16.2,    0,2.3
2021-03-03,10.7,    0,4.436375477290586
2021-03-02,14.2,  351,4.351425889679368
2021-03-01,19.9,    0,6.7
2021-02-28,14.8,    0,2.3
2021-02-27,9.8,    0,4.308439610420814
2021-02-26,9.3,   51,3.663294634308251
2021-02-25,13.5,    0,0.3
2021-02-24,9.4,    0,3.145953561169901
2021-02-23,11.0,    0,3.0169113695578336
2021-02-22,21.2,    0,6.8
2021-02-21,12.86923076923077,0,2.9634599175456797
2021-02-19,12.720710059171598,0,0.8
2021-02-18,6.2,    0,-2.2
2021-02-17,5.5,    0,2.582632484827341
2021-02-16,10.0,    5,2.928087030281887
2021-02-15,16.1,  310,2.90828098201934
2021-02-14,20.6,    0,7.5
2021-02-13,19.9,0,2.315205034556187
2021-02-10,11.894336432797973,0,2.7
2021-02-09,6.6,    0,0.8
2021-02-08,8.7,    0,2.675836866516796
2021-02-07,13.9,    0,4.1
2021-02-06,15.8,    0,2.4181202620993023
2021-02-05,12.0,    0,2.9
2021-02-04,10.3,    0,-0.2
2021-02-03,8.2,    0,1.8104396809573444
2021-02-02,13.9,  170,2.0004396809573444
2021-02-01,11.5,   20,0.9
2021-01-31,10.7,    0,2.0587777360015544
2021-01-30,7.0,    0,0.0
2021-01-29,7.1,0,2.2410730108795827
2021-01-28,11.6,    0,1.9110730108795828
2021-01-27,13.8,   81,2.122180311967541
2021-01-26,16.3,   30,4.6
2021-01-25,14.7,    0,1.8833104069728261
2021-01-24,9.7,  130,1.9816414476701087
2021-01-23,9.7,  221,1.9739278188369642
2021-01-22,9.8,   71,6.1
2021-01-21,13.6,    0,-0.4
2021-01-20,8.5,    0,1.7328236350406763
2021-01-19,5.8,    0,1.6974275735018707
2021-01-18,8.3,    0,-0.7
2021-01-17,9.5,    0,0.782151706254135
2021-01-16,12.2,   30,0.31433313335643437
2021-01-15,14.8,    0,1.5
2021-01-14,14.6,    0,0.8
2021-01-13,10.3,    0,-0.8
2021-01-12,4.8,   25,-0.41873523517159633
2021-01-11,7.1,    0,-1.0
2021-01-10,7.1,    0,-3.5
2021-01-09,4.4,    0,-4.1
2021-01-08,2.7,0,-0.6618735235171596
2020-12-22,11.1,    0,0.4
2020-12-21,10.5,    0,-1.0645120842987508
2020-12-20,8.4,    0,-0.5645120842987507
2020-12-19,8.2,    0,-0.579089769211466
2020-12-18,10.4,    0,0.3
2020-12-17,6.6,    0,0.2
2020-12-16,7.6,    0,1.0830012538673874
2020-12-15,6.8,    0,1.53408066509622
2020-12-14,9.8,0,1.6371789073776946
2020-12-10,15.7,    0,4.2
2020-12-09,13.4,    0,2.7229309214274866
2020-12-08,14.0,    0,3.1674762882899072
2020-12-07,16.2,    0,4.2
2020-12-06,15.2,    0,4.4
2020-12-05,15.1,    0,4.3
2020-12-04,14.4,    0,4.602507828826827
2020-12-03,14.7,    0,6.0
2020-12-02,16.0,    0,5.4
2020-12-01,14.1,    0,5.2
2020-11-30,14.7,    0,5.700250782882683
2020-11-29,14.4,    0,5.991159873791774
2020-11-28,13.1,    0,6.135810771409208
2020-11-27,18.2,0,9.4
2020-11-26,17.2,    0,6.4
2020-11-25,14.4,    0,7.720656493462152
2020-11-24,16.5,    0,7.1
2020-11-23,16.8,    5,8.377079811049619
2020-11-22,18.5,    5,7.4
2020-11-21,16.1,    0,8.730322461447361
2020-11-20,22.2,   25,8.966187160541738
2020-11-19,26.9,    0,13.4
2020-11-18,23.9,    0,12.8
2020-11-17,22.2,    0,10.1
2020-11-16,22.8,0,9.621698679129839
2020-11-15,22.2,    0,7.2
2020-11-14,18.7,    0,10.11688690015985
2020-11-13,19.7,    0,10.325596592478927
2020-11-12,18.3,0,10.029353574640957
2020-11-11,15.2,    0,9.654837305156619
2020-11-10,16.2,0,9.305374783507354
2020-11-09,16.6,    0,9.217083092785948
2020-11-08,21.4,    5,9.172125805414407
2020-11-07,17.3,   99,9.262125805414406
2020-11-06,20.2,    0,10.4
2020-11-05,18.3,    0,6.3
2020-11-04,17.0,    0,9.067949643586525
2020-11-03,19.6,   61,9.122465913070865
2020-11-02,16.7,  216,9.18561366002474
2020-11-01,19.642857142857142,0,9.167523402292579
2020-10-31,20.1,    0,8.1
2020-10-30,17.8,    0,9.158504783543155
2020-10-29,21.2,0,9.741838116876488
2020-10-28,20.2,    0,10.2
2020-10-27,22.7,    0,10.2
2020-10-26,22.2,    0,10.0
2020-10-25,20.3,    0,9.0
2020-10-24,20.4,    0,10.500034290041963
2020-10-23,20.3,  381,10.74003771904616
2020-10-22,21.0,   20,17.4
2020-10-21,23.3,0,11.504007200908811
2020-10-20,24.4,    0,11.4
2020-10-19,16.4,0,12.334407920999693
2020-10-18,20.6,    0,9.8
2020-10-17,13.8,  269,13.487848713099662
2020-10-16,22.7,0,13.969663777641303
2020-10-15,23.3,    0,14.374660634387455
2020-10-14,26.1,    0,15.8
2020-10-13,25.9,    0,14.347215087177341
2020-10-12,28.6,    0,17.2
2020-10-11,26.9,    0,15.29828235102548
2020-10-10,25.5,  330,18.2
2020-10-09,19.9,  269,15.8
2020-10-08,25.5,  391,15.6
2020-10-07,25.0,    0,14.2
2020-10-06,24.3,    0,16.62879145318357
2020-10-05,24.1,    0,16.81892281701742
2020-10-04,26.1,    0,20.8
2020-10-03,25.8,    0,18.0
2020-10-02,28.6,    0,16.0
2020-10-01,26.9,   89,17.164771427020096
2020-09-30,26.0,    0,17.0
2020-09-29,26.8,    0,17.1
2020-09-28,26.2,    0,18.138369424403752
2020-09-27,25.4,    0,18.27031408514238
2020-09-26,26.3,   20,19.5
2020-09-25,23.2,  620,18.019272770729582
2020-09-24,29.1,    0,18.78927277072958
2020-09-23,30.8,    0,21.4
2020-09-22,27.9,    0,17.6
2020-09-21,28.6,    0,19.541722905100528
2020-09-20,27.3,    0,19.682058253170208
2020-09-19,28.9,    0,20.25748424542999
2020-09-18,30.5,    0,20.582484245429992
2020-09-17,30.9,   10,23.7
2020-09-16,30.9,    0,21.6
2020-09-15,30.5,    0,18.4
2020-09-14,27.9,    0,21.855312470760893
2020-09-13,30.7,   66,22.04811160123259
2020-09-12,32.7,    0,24.6
2020-09-11,31.3,   41,23.4
2020-09-10,28.4,   71,22.5
2020-09-09,29.1,0,22.7
2020-09-08,34.1,    0,23.19034240719935
2020-09-07,34.6,  231,25.3
2020-09-06,31.8,   51,24.053845400843194
2020-09-05,36.6,    0,25.4
2020-09-04,33.5,   25,24.731289800731137
2020-09-03,32.7,   30,24.852316146252146
2020-09-02,34.4,   10,25.27731614625215
2020-09-01,35.5,    0,25.7
2020-08-31,36.4,   71,25.7
2020-08-30,37.0,   41,25.66267442262143
2020-08-29,36.8,    0,27.1
2020-08-28,32.6,   89,27.0
2020-08-27,34.8,    0,26.01602555959381
2020-08-26,36.0,    0,27.6
2020-08-25,37.3,    0,26.4
2020-08-24,36.4,    0,25.4
2020-08-23,34.6,    0,24.4
2020-08-22,36.8,  130,26.23160255595938
2020-08-21,38.8,    0,26.186148010504837
2020-08-20,38.6,    0,27.1
2020-08-19,38.3,    0,24.6
2020-08-18,36.3,    0,25.95177505664642
2020-08-17,38.7,    0,26.7
2020-08-16,37.8,    0,26.206952562311063
2020-08-15,38.3,    0,26.38764781854217
2020-08-14,37.2,    0,26.6
2020-08-13,34.9,   41,25.9
2020-08-12,36.5,   89,26.214637543749962
2020-08-11,37.1,    0,26.30554663465906
2020-08-10,37.2,0,26.284565379938524
2020-08-09,36.0,    0,28.4
2020-08-08,34.2,0,25.96095364437613
2020-08-07,33.1,    0,25.92813101559413
2020-08-06,36.0,    0,25.7
2020-08-05,36.5,    0,25.7
2020-08-04,35.8,    0,25.6
2020-08-03,34.6,    0,25.7
2020-08-02,34.3,   20,25.2
2020-08-01,34.5,    0,23.5
2020-07-31,34.7,    0,24.7934664559631
2020-07-30,32.2,  419,23.8
2020-07-29,31.6,   71,24.5084969505421
2020-07-28,31.1,   15,25.3
2020-07-27,31.3,    0,22.9
2020-07-26,29.1,   94,24.227451218773197
2020-07-25,27.5,  630,23.4
2020-07-24,29.4,   51,23.844117885439868
2020-07-23,28.4,    5,23.7
2020-07-22,31.8,   30,23.761824186795923
2020-07-21,36.1,   79,23.444449440917413
2020-07-20,35.6,    0,25.4
2020-07-19,34.6,    0,24.0
2020-07-18,31.3,   10,22.8
2020-07-17,26.6,   25,21.3
2020-07-16,29.8,    0,22.873297602519393
2020-07-15,26.4,0,22.731630935852724
2020-07-14,26.5,  310,20.7
2020-07-13,29.466666666666672,  191,20.2
2020-07-12,28.1,0,22.327720776215646
2020-07-11,28.56666666666667,0,22.00272077621565
2020-07-10,27.8,  269,23.4
2020-07-09,28.3,  531,22.9
2020-07-08,29.6,  930,22.0
2020-07-07,29.0,  109,21.77304415524313
2020-07-06,28.373809523809523,  419,21.63668051887949
2020-07-05,31.6,0,22.7
2020-07-04,26.9,  739,20.1
2020-07-03,23.6,  221,21.678858297124734
2020-07-02,27.4,    0,21.487620330138594
2020-07-01,29.7,   30,21.40762033013859
2020-06-30,26.1,  521,21.4
2020-06-29,31.1,    0,19.2
2020-06-28,28.6,   89,20.657409895740194
2020-06-27,30.7,    0,20.45315088531421
2020-06-26,32.6,   20,20.27133270349603
2020-06-25,27.3,0,20.143375831347964
2020-06-24,32.0,    0,22.1
2020-06-23,32.8,    0,19.6
2020-06-22,28.6,0,19.552526931589835
2020-06-21,29.1,    0,16.9
2020-06-20,26.3,    0,20.15639875924982
2020-06-19,29.166666666666668,0,18.1
2020-06-18,23.3,0,20.359300138380693
2020-06-17,28.774358974358975,0,18.1
2020-06-16,30.7,    5,20.43068548576836
2020-06-15,32.3,    0,20.49990927624906
2020-06-14,29.9,  221,23.4
2020-06-13,25.1,  521,23.1
2020-06-12,29.352930402930404,0,20.926354081854374
2020-06-11,25.8,  201,22.8
2020-06-10,29.0,    5,22.1
2020-06-09,32.4,    0,21.0
2020-06-08,33.2,0,21.342626335810344
2020-06-07,29.3,0,21.42689804176647
2020-06-06,29.2,    0,20.672352587221017
2020-06-05,32.8,    0,20.3
2020-06-04,33.0,    0,19.7
2020-06-03,28.5,    0,19.6
2020-06-02,31.0,    0,18.285625178617988
2020-06-01,28.7,0,18.03886383121962
2020-05-31,28.853846153846156,   20,17.738521785347736
2020-05-30,30.2,    0,15.1
2020-05-29,28.8,    0,14.4
2020-05-28,28.6,    0,14.7
2020-05-22,25.2,    0,12.9
2020-05-21,23.2,   20,15.396301079518533
2020-05-20,26.965680473372778,0,15.10736866960859
2020-05-19,26.6,  391,14.876562866770444
2020-05-18,26.2,  109,16.3
2020-05-17,25.0,    0,14.761839328717961
2020-05-16,26.31897717666948,  450,14.836839328717959
2020-05-15,24.9,    0,14.9
2020-05-14,28.2,    0,11.6
2020-05-13,26.1,    0,14.62569183580136
2020-05-12,29.8,    0,15.5
2020-05-11,30.4,   41,14.829488226657935
2020-05-10,25.1,   10,16.7
2020-05-09,22.2,   20,15.3
2020-05-08,25.9,    0,11.0
2020-05-07,23.5,    0,14.512931671871607
2020-05-06,24.6,0,14.197547056486993
2020-05-05,28.2,    0,14.16461284269358
2020-05-04,26.3,   15,17.6
2020-05-03,25.0,    0,16.2
2020-05-02,30.1,    0,14.8
2020-05-01,26.6,    0,15.0
2020-04-30,26.7,    0,11.0
2020-04-29,23.9,    0,7.5
2020-04-28,20.1,    0,11.756461284269358
2020-04-27,20.6,    0,11.515646128426935
2020-04-26,21.8,    0,10.3
2020-04-25,21.3,    0,4.3
2020-04-24,15.2,   20,9.67721074126963
2020-04-23,16.2,    0,6.7
2020-04-22,14.5,    0,8.564931815396593
2020-04-21,20.0,    0,8.671424996936251
2020-04-20,17.6,  279,8.36292136820294
2020-04-19,17.6,    0,11.2
2020-04-18,18.5,  259,7.547648892180542
2020-04-17,21.3,    0,7.5
2020-04-16,21.1,    0,7.6846927072716325
2020-04-15,20.7,    0,5.2
2020-04-14,16.4,    5,7.416668796459137
2020-04-13,13.5,  231,7.291193176411426
2020-04-12,17.82142857142857,  150,7.184020357232273
2020-04-11,15.6,    0,5.3
2020-04-10,14.7,    0,6.457657503737447
2020-04-09,18.1,    0,7.8
2020-04-08,22.1,0,6.205504425982253
2020-04-07,19.8,    0,4.9
2020-04-06,16.7,    0,6.603837546336339
2020-04-05,13.4,    0,6.535101983328831
2020-04-04,22.1,    0,6.470210145938486
2020-04-03,18.8,    0,4.3
2020-04-02,14.2,    5,6.471465410158591
2020-04-01,16.0,  279,6.016919955613136
2020-03-31,17.6,    0,10.3
2020-03-30,14.0,    0,6.3
2020-03-29,11.7,0,6.329369749503904
2020-03-28,14.4,  119,6.253451387383101
2020-03-27,17.2,  150,6.2337460456962495
2020-03-26,23.1,    0,5.3
2020-03-25,17.6,    0,2.8
2020-03-24,13.1,    0,5.926380598548604
2020-03-23,17.1,    0,5.561912315094321
2020-03-22,21.0,    0,8.8
2020-03-21,20.8,    0,5.7
2020-03-20,17.1,    0,5.126836579944932
2020-03-19,23.1,    0,6.8
2020-03-18,18.4,    0,6.2
2020-03-17,14.1,    0,0.1
2020-03-16,8.6,   71,5.089886263185387
2020-03-15,12.0,    0,3.4
2020-03-14,11.2,   51,4.401520258466393
2020-03-13,15.384615384615387,0,4.7
2020-03-12,15.8,    0,4.5
2020-03-11,13.934615384615386,0,3.9101562801835317
2020-03-10,16.8,  201,3.970156280183531
2020-03-09,20.7,    0,5.1
2020-03-08,13.8,  109,4.508183281883346
2020-03-07,15.9,    0,1.7
2020-03-06,12.5,    0,4.535317803840946
2020-03-05,9.9,   41,4.520346695099214
2020-03-04,10.0,0,4.522196394653688
2020-03-03,14.4,    0,6.8
2020-03-02,18.1,    0,4.365503681289765
2020-03-01,15.3,    5,6.6
2020-02-29,8.9,   71,5.3
2020-02-28,9.6,    0,2.8
2020-02-27,8.8,   10,4.309822433731152
2020-02-26,12.8,   71,4.290683864515874
2020-02-25,11.2,    0,4.8
2020-02-24,15.1,    0,1.2
2020-02-23,11.3,    0,3.5900506298247032
2020-02-22,10.4,0,3.5536869934610666
2020-02-21,15.6,    0,3.5
2020-02-20,13.3,    0,3.0
2020-02-19,12.2,    0,3.2034421487801645
2020-02-18,7.8,    5,0.1
2020-02-17,10.7,   20,2.5047179772065933
2020-02-16,14.2,  191,2.6351897749272526
2020-02-15,13.9,    0,6.2
2020-02-14,14.5,    0,2.134334990091401
2020-02-13,21.3,   81,1.997768489100541
2020-02-12,14.7,    5,1.8
2020-02-11,10.4,    0,1.752445692369532
2020-02-10,7.8,0,-1.1
2020-02-09,5.4,    0,1.8577487718320806
2020-02-08,9.2,    0,1.7713664381548395
2020-02-07,7.8,    0,-0.5
2020-02-06,4.8,    0,1.172416173932124
2020-02-05,10.1,    0,1.069247134536072
2020-02-04,12.7,    0,1.7025804678694054
2020-02-03,12.7,    0,1.6970398873693913
2020-02-02,11.7,    0,1.8
2020-02-01,9.9,    0,2.7912650101861836
2020-01-31,7.8,    0,2.893254867389318
2020-01-30,12.2,    0,3.556891231025681
2020-01-29,14.9,   46,3.5841898831980044
2020-01-28,14.9,   20,7.5
2020-01-27,11.799999999999999,0,3.9602200732640482
2020-01-26,12.8,    0,6.1
2020-01-25,10.6,    0,5.6
2020-01-24,13.6,   20,4.2162130045730875
2020-01-23,11.7,  249,6.8
2020-01-22,10.3,    0,1.5
2020-01-21,9.4,    0,4.014702756486428
2020-01-20,12.7,    0,3.7
2020-01-19,10.4,    0,1.5
2020-01-18,10.1,    0,3.4692429800882927
2020-01-17,10.4,    0,3.9
2020-01-16,10.2,    5,1.9
2020-01-15,9.1,    5,3.243995066961338
2020-01-14,9.8,    0,1.5
2020-01-13,11.7,    0,3.2011031705874693
2020-01-12,9.3,    0,4.5
2020-01-11,12.6,    0,2.5
2020-01-10,11.1,    5,3.2586452943226187
2020-01-09,11.8,    0,3.033645294322619
2020-01-08,16.8,  236,7.2
2020-01-07,11.307692307692305,    5,3.7
2020-01-06,10.5,    0,1.3
2020-01-05,7.3,   30,3.2880322876272485
2020-01-04,11.8,    0,3.1533692084747202
2020-01-03,12.3,    0,2.9
2020-01-02,12.3,    0,1.2
2020-01-01,9.7,    5,3.248771642300281
